sub,con,v
1,SI,13.9697115
1,WE,7.18370242
2,SI,13.82836855
2,WE,7.41851668
3,SI,13.96646263
3,WE,7.27886177
4,SI,13.84491438
4,WE,7.247494941
5,SI,14.05434258
5,WE,7.169172752
6,SI,13.91799573
6,WE,7.219267174
7,SI,13.81540321
7,WE,7.36053613
8,SI,13.8752156
8,WE,7.344170876
9,SI,13.88725439
9,WE,7.140480459
10,SI,13.87263054
10,WE,7.320381322
11,SI,13.80719099
11,WE,7.305452956
12,SI,13.8743352
12,WE,7.407961924
