sub,SI,WE
1,13.9697115,7.18370242
2,13.82836855,7.41851668
3,13.96646263,7.27886177
4,13.84491438,7.247494941
5,14.05434258,7.169172752
6,13.91799573,7.219267174
7,13.81540321,7.36053613
8,13.8752156,7.344170876
9,13.88725439,7.140480459
10,13.87263054,7.320381322
11,13.80719099,7.305452956
12,13.8743352,7.407961924
